"","temp2.Liczba_pokoi","temp2.Cena4m2"
"1",3,4890.90909090909
"2",3,4050.63291139241
"3",3,5946.79186228482
"4",3,5250
"5",5,5889.64662120273
"6",3,5137.45704467354
"7",4,5169.64285714286
"8",4,5067.56756756757
"9",5,2896.95268644747
"10",3,4753.84615384615
"11",3,5965.79053780833
"12",3,5339.56282329384
"13",3,5544.44444444444
"14",4,4285.71428571429
"15",3,5370.37037037037
"16",3,4107.14285714286
"17",4,4157.40740740741
"18",3,5630.02680965147
"19",3,5612.41896963494
"20",3,5546.875
"21",3,5022.22222222222
"22",3,5660.37735849057
"23",3,5876.29397679131
"24",4,5035.3982300885
"25",3,4700
"26",3,5600
"27",3,5844.8275862069
"28",3,4700
"29",3,5072.46376811594
"30",3,4796.99248120301
"31",3,3455.69620253165
"32",3,5600
"33",5,5000
"34",3,5188.67924528302
"35",3,4362.63736263736
"36",4,3629.03225806452
"37",3,6189.65517241379
"38",3,5710
"39",3,6100
"40",4,5509.99566661852
"41",3,5230.76923076923
"42",3,4493.67088607595
"43",4,4277.77777777778
"44",4,4359.375
"45",3,5710.00177022482
"46",3,4643.83561643836
"47",3,5900
"48",4,5166.66666666667
"49",3,4616.61341853035
"50",3,6150
"51",4,3888.88888888889
"52",4,3947.36842105263
"53",3,5431.93717277487
"54",6,5906.73575129534
"55",3,5207.54716981132
"56",5,3461.53846153846
"57",3,5104.16666666667
"58",5,5832.79325988334
"59",3,3728.35004557885
"60",4,4074.82993197279
"61",3,6100
"62",3,4200
"63",3,6050
"64",3,5737.34918381831
"65",3,4020.04803174272
"66",4,5097.82608695652
"67",3,5797.10144927536
"68",3,5138.88888888889
"69",4,4587.59084053202
"70",3,4358.97435897436
"71",3,4397.84946236559
"72",3,5059.22165820643
"73",3,5237.28813559322
"74",3,3987.3417721519
"75",3,5970.87378640777
"76",3,4843.75
"77",4,4390.54054054054
"78",3,5749.9912572128
"79",3,3287.67123287671
"80",3,5710
"81",3,4210.52631578947
"82",5,4615.38461538462
"83",3,5638.29787234043
"84",4,4052.58877744646
"85",4,4797.2972972973
"86",3,4656.25
"87",5,5000
"88",3,5977.27272727273
"89",4,4619.85216473073
"90",3,4285.71428571429
"91",3,5548.38709677419
"92",4,4802.25988700565
"93",3,4860.46511627907
"94",3,5530.30303030303
"95",4,4680.35190615836
"96",3,3558.44155844156
"97",3,5638.29787234043
"98",3,4764.70588235294
"99",3,4296.875
"100",3,4718.30985915493
"101",3,5424.52830188679
"102",3,4769.23076923077
"103",3,5327.86885245902
"104",3,4629.61111111111
"105",3,4359.375
"106",3,5667.84237726098
"107",3,5230.76923076923
"108",4,4639.53488372093
"109",4,4402.33457844184
"110",3,4087.19346049046
"111",4,3000
"112",3,4680.82978723404
"113",3,5121.62162162162
"114",3,4446.04316546763
"115",3,5937.5
"116",3,5468.75
"117",3,5709.99673309376
"118",3,4746.26865671642
"119",3,5161.29032258064
"120",3,5940
"121",3,5351.85185185185
"122",3,4453.125
"123",3,6063.82978723404
"124",3,4700
"125",3,5965.80164956749
"126",3,5851.06382978723
"127",3,6000
"128",4,5208.33333333333
"129",3,4841.1214953271
"130",3,5700
"131",3,5802.44517756647
"132",4,3463.49291254346
"133",3,6088.96638303808
"134",3,4531.25
"135",3,6000
"136",3,4910.44776119403
"137",3,5666.66666666667
"138",3,5936.17021276596
"139",4,4277.77777777778
"140",3,5800
"141",3,5963.30275229358
"142",3,4162.10295728368
"143",3,6000
"144",3,4628.57142857143
"145",4,4279.89130434783
"146",3,4571.42857142857
"147",3,5641.50943396226
"148",3,4296.875
"149",3,6202.7027027027
"150",4,6000.77429345722
"151",5,4891.30434782609
"152",4,5659.99419785321
"153",3,5609.99665103818
"154",3,5600
"155",3,5161.29032258064
"156",3,5161.29032258064
"157",3,5500
"158",3,5078.125
"159",3,5197.36842105263
"160",3,5677.96610169491
"161",4,4642.85714285714
"162",3,5960.00425260472
"163",4,3933.33333333333
"164",3,3576.92307692308
"165",3,6148.93617021277
"166",3,5338.98305084746
"167",3,5312.5
"168",3,4633.33333333333
"169",4,4797.2972972973
"170",4,4398.82697947214
"171",3,4380.35043804756
"172",3,5103.201901566
"173",4,5369.23076923077
"174",3,6200
"175",4,6200
"176",3,5338.93985728848
"177",3,4945.90417310665
"178",4,2997.69408147579
"179",3,3955.22388059702
"180",3,3856.56292286874
"181",3,5279.41176470588
"182",3,5623.79671150972
"183",3,5587.27272727273
"184",4,4692.55663430421
"185",3,4822.58064516129
"186",3,3888.88888888889
"187",3,3877.79083431257
"188",4,4429.53020134228
"189",3,5344.8275862069
"190",3,5924.58895252171
"191",3,5071.77033492823
"192",3,6150
"193",3,6080.15112670355
"194",4,5800.34789331272
"195",3,3775.14792899408
"196",3,5857.14285714286
"197",4,3076.92307692308
"198",4,4876.92307692308
"199",3,5391.89189189189
"200",3,5560.00354107649
"201",3,4753.84615384615
"202",3,6027.50047089847
"203",3,5709.9982241165
"204",4,5722.97452595288
"205",3,4690.90909090909
"206",3,6057.83866057839
"207",3,4741.37931034483
"208",4,3904.1095890411
"209",3,6000
"210",3,5207.20720720721
"211",3,6050
"212",3,4102.5641025641
"213",5,4123.96694214876
"214",3,5327.10280373832
"215",3,6186.04651162791
"216",4,5575.75757575758
"217",4,4915.49295774648
"218",3,4992.07606973059
"219",3,3815.58028616852
"220",3,6176.47058823529
"221",5,3526.71317977635
"222",4,4588.56345885635
"223",3,4609.375
"224",3,6122.80701754386
"225",4,3921.56862745098
"226",3,3840
"227",3,5104.16666666667
"228",3,3875
"229",3,5477.42413027387
"230",3,6206.89655172414
"231",4,6050
"232",4,6076.92307692308
"233",3,5059.22165820643
"234",3,4866.00846262341
"235",3,5135.13513513513
"236",3,5965.79110651499
"237",3,4642.85714285714
"238",3,4654.44287729196
"239",3,5609.99665663658
"240",3,5923.42342342342
"241",5,4082.91457286432
"242",3,6020.83333333333
"243",3,3904.28211586902
"244",3,4662.16216216216
"245",3,4437.5
"246",3,6209.67741935484
"247",3,5764.70588235294
"248",3,5590.57730590577
"249",3,4609.375
"250",3,4382.02247191011
"251",3,4921.875
"252",3,4241.13475177305
"253",3,5541.66666666667
"254",3,4680.13468013468
"255",5,4539.16412953224
"256",3,5578.46153846154
"257",3,5548.38709677419
"258",3,5582.08955223881
"259",5,3300
"260",3,4303.79746835443
"261",3,6189.65517241379
"262",4,3913.38582677165
"263",3,5230.76923076923
"264",3,5867.01352757544
"265",3,5510.63829787234
"266",3,5327.86885245902
"267",3,5937.5
"268",3,5816.66666666667
"269",3,4659.4982078853
"270",3,6200
"271",3,5762.71186440678
"272",3,5067.79661016949
"273",4,5574.32432432432
"274",3,5161.29032258064
"275",4,5250
"276",3,5812.5
"277",3,5499.00081900082
"278",4,5576.92307692308
"279",4,6019.7549770291
"280",4,5546.2962962963
"281",3,5992.27606826959
"282",4,5627.27272727273
"283",4,4141.41414141414
"284",3,5370.37037037037
"285",3,5245.90163934426
"286",4,5815.78947368421
"287",3,5960
"288",4,5119.21458625526
"289",3,5900
"290",3,6100
"291",3,5833.33333333333
"292",4,4990
"293",4,4060.07751937984
"294",4,5844.68412942989
"295",3,4411.76470588235
"296",5,5888.88888888889
"297",3,4071.42857142857
"298",3,5851.06382978723
"299",3,6050.00960984048
"300",4,5048.19277108434
"301",3,4145.07772020725
"302",4,3446.5780403742
"303",3,5976.09561752988
"304",3,4780.82191780822
"305",4,4843.75
"306",5,5469.93911719939
"307",4,3967.74193548387
"308",3,5902.20314735336
"309",4,5848.7861495309
"310",3,5045.87155963303
"311",4,4266.66666666667
"312",3,6050.0092575449
"313",3,4465.31791907514
"314",4,4285.71428571429
"315",4,3923.36696219301
"316",3,6102.00593057736
"317",3,5368.58974358974
"318",6,6109.82211910286
"319",3,5453.125
"320",4,5263.14736842105
"321",3,5750
"322",3,3933.33333333333
"323",3,5800
"324",4,4697.98657718121
"325",6,5925.15592515592
"326",3,6050.00966557124
"327",3,5924.59854014599
"328",4,5063.49206349206
"329",4,4748.98236092266
"330",3,4483.87096774194
"331",3,5847.45762711864
"332",3,5981.5668202765
"333",3,5760.00320102433
"334",4,5704.00822199383
"335",3,3563.08411214953
"336",4,4375
"337",3,3989.52749033786
"338",3,5188.67924528302
"339",3,5377.35849056604
"340",5,0.0100240577385726
"341",3,6050
"342",4,5307.69230769231
"343",4,3446.5780403742
"344",3,5893.93939393939
"345",3,4416.66666666667
"346",4,5129.65050732807
"347",3,5351.85185185185
"348",3,5520.83333333333
"349",3,5865.33333333333
"350",4,5546.2962962963
"351",5,3272.31121281465
"352",4,5245.90163934426
"353",3,5730.02754820937
"354",4,5659.99366487171
"355",3,6100
"356",3,4102.5641025641
"357",3,4629.62962962963
"358",3,4643.83561643836
"359",3,5279.41176470588
"360",3,3815.78947368421
"361",3,5860.00832292967
"362",4,3920
"363",3,5734.75056689342
"364",4,5136.84210526316
"365",3,6200
"366",4,5811.80811808118
"367",3,4656.25
"368",3,4784
"369",3,4745.04249291785
"370",3,6184.02219950343
"371",3,5000
"372",3,5691.5953307393
"373",3,5288.46153846154
"374",4,4932.43243243243
"375",3,6250
"376",3,6050.00960984048
"377",3,5806.45161290323
"378",3,5263.15789473684
"379",3,4403.13111545988
"380",3,2523.80952380952
"381",3,4625.19936204147
"382",3,4928.22966507177
"383",3,3086.70699550178
"384",4,4998.38709677419
"385",3,4260.86956521739
"386",3,5965.79110651499
"387",3,3333.33333333333
"388",3,5037.4531835206
"389",3,5581.39534883721
"390",3,5254.23728813559
"391",4,4781.25
"392",3,5596.49122807018
"393",3,5861.34453781513
"394",3,5557.37704918033
"395",3,4923.07692307692
"396",3,5000
"397",3,5298.21428571429
"398",5,5716.46341463415
"399",3,4633.33333333333
"400",4,5159.23566878981
"401",4,4357.14285714286
"402",3,5617.02127659574
"403",3,4101.28205128205
"404",3,4982.75862068965
"405",3,4386.66666666667
"406",5,6000
"407",3,4655.55555555556
"408",4,5946.2915601023
"409",3,5074.62686567164
"410",3,5797.10144927536
"411",4,4039.39393939394
"412",3,5993.99656946827
"413",3,4800
"414",3,5526.34095037766
"415",3,5869.5652173913
"416",3,6200
"417",3,6050
"418",3,3732.39436619718
"419",3,4982.14285714286
"420",3,6144.06779661017
"421",3,5113.63636363636
"422",4,4266.66666666667
"423",3,5804.74934036939
"424",3,3576.92307692308
"425",3,5548.38709677419
"426",3,4642.85714285714
"427",3,5134.28120063191
"428",3,5399.18809201624
"429",3,4298.64253393665
"430",4,4593.59659947895
"431",4,3905.40540540541
"432",3,6200
"433",3,4421.875
"434",3,4557.39224470879
"435",3,6250.0089493467
"436",5,4318.18181818182
"437",5,4153.84615384615
"438",4,6050
"439",5,6199.23575935306
"440",3,3698.98847631242
"441",3,4708.66141732283
"442",4,3752.29357798165
"443",3,5750
"444",3,5089.28571428571
"445",3,5030.48780487805
"446",3,5833.33333333333
"447",3,5060.24096385542
"448",3,6200
"449",3,6200
"450",3,5924.59264236519
"451",3,5507.99025266128
"452",6,3456.79012345679
"453",4,5576.27118644068
"454",3,4199.06687402799
"455",3,4849.31506849315
"456",4,5084.74576271186
"457",4,2980.96672600301
"458",3,4745.04249291785
"459",3,3287.67123287671
"460",3,5469.38775510204
"461",3,5000
"462",4,5056.1797752809
"463",4,5369.23076923077
"464",3,6200
"465",3,5810.0073313783
"466",3,4530.74433656958
"467",3,5452.83018867925
"468",4,5453.0303030303
"469",4,3882.35294117647
"470",4,4415.92920353982
"471",3,4386.66666666667
"472",3,4761.90476190476
"473",4,5675.67567567568
"474",3,4655.1724137931
"475",3,6150
"476",4,6000
"477",4,4701.70454545455
"478",4,6200
"479",4,4058.82352941176
"480",4,6050
"481",3,4665.6298600311
"482",3,5900
"483",3,5066.03773584906
"484",4,5234.375
"485",4,4298.92141756549
"486",3,5600
"487",3,5797.2972972973
"488",3,6150
"489",3,6020.83333333333
"490",3,5230.0157425223
"491",4,5020.35278154681
"492",3,4711.53846153846
"493",3,5844.8275862069
"494",3,6209.99476713762
"495",3,5377.35849056604
"496",4,3999
"497",3,4630.13698630137
"498",3,6050
"499",3,5884.95575221239
"500",3,3718.30985915493
"501",5,3793.95885013863
"502",3,5700
"503",3,5203.125
"504",3,5072.46376811594
"505",3,4639.53488372093
"506",4,5738.33806818182
"507",4,6210.00513083633
"508",3,5965.80818758409
"509",3,5188.67924528302
"510",3,5358.97435897436
"511",3,6131.86813186813
"512",3,5789.47368421053
"513",3,5701.2987012987
"514",3,4280.15564202335
"515",3,5250
"516",3,4880.95238095238
"517",3,5812.5
"518",4,4455.35714285714
"519",4,5119.21458625526
"520",3,6089.13684210526
"521",3,4886.79245283019
"522",3,5131.57894736842
"523",3,4526.51515151515
"524",3,4533.8936193741
"525",4,5237.5
"526",4,5777.99072265625
"527",3,6100
"528",3,4692.30769230769
"529",3,4333.33333333333
"530",4,4267.99961549553
"531",3,5486.54244306418
"532",3,3716.81415929204
"533",3,4285.71428571429
"534",4,4000
"535",3,4557.39224470879
"536",3,5661.29032258064
"537",3,4987.5
"538",3,5594.5945945946
"539",3,4971.09826589595
"540",3,6150
"541",3,5018.93939393939
"542",3,6000
"543",3,3888.88888888889
"544",3,5965.80320896965
"545",3,5329.76827094474
"546",3,4803.57142857143
"547",3,2995.65846599132
"548",3,5948.50948509485
"549",3,5102.04081632653
"550",3,4469.69696969697
"551",3,5296.875
"552",3,3333.33333333333
"553",3,6230.76923076923
"554",4,4729.72972972973
"555",3,5504
"556",4,5705.55555555556
"557",3,6200
"558",4,4572.51908396947
"559",3,3488.71733966746
"560",4,5468.75
"561",3,5161.29032258064
"562",3,5868.80242985247
"563",3,4378.0487804878
"564",4,4138.8518024032
"565",4,5750
"566",3,5660
"567",3,5765.625
"568",3,6026.31578947368
"569",4,5675.67567567568
"570",3,5067.79661016949
"571",4,5000
"572",3,5150.70583746662
"573",4,5237.5
"574",3,5333.33333333333
"575",3,4359.375
"576",3,5067.79661016949
"577",3,5393.93939393939
"578",3,4226.47527910686
"579",4,3000
"580",3,6170.21276595745
"581",4,3671.97062423501
"582",3,5851.06382978723
"583",4,4589.66131907308
"584",4,3461.53846153846
"585",3,4693.29529243937
"586",3,6100
"587",4,6199.29704569203
"588",3,5149.50166112957
"589",3,4285.71428571429
"590",3,3951.65039516504
"591",3,4633.33333333333
"592",3,4718.30985915493
"593",3,5775.86206896552
"594",3,6150
"595",3,5710.0071864894
"596",3,5750
"597",4,5012.90322580645
"598",5,4290
"599",4,4788.7323943662
"600",3,4545.45454545455
"601",3,3468.35443037975
"602",3,6000
"603",3,5452.83018867925
"604",3,4881.59609120521
"605",3,3865.71719226857
"606",4,4590.27834910188
"607",3,5104.16666666667
"608",3,6150
"609",3,5066.03773584906
"610",4,5832.00245700246
"611",3,6119.40298507463
"612",3,4236.36363636364
"613",3,4606.74157303371
"614",3,4567.56756756757
"615",4,4375
"616",3,5067.79661016949
"617",4,6050
"618",3,4619.18739378959
"619",3,5709.99836092444
"620",3,5680
"621",4,2459.01639344262
"622",3,5754.71698113208
"623",3,4656.25
"624",3,4715.02590673575
"625",3,5357.14285714286
"626",3,6208.33333333333
"627",3,4617.85570874046
"628",4,5723.99248880543
"629",3,4614.1975308642
"630",3,4850.86342229199
"631",4,4375
"632",3,4575.53956834532
"633",4,4200
"634",3,5039.87240829346
"635",4,5658.43621399177
"636",4,4788.7323943662
"637",3,4531.25
"638",4,4067.79661016949
"639",3,6140.35087719298
"640",3,5617.02127659574
"641",3,5067.79661016949
"642",3,5290.51987767584
"643",5,4661.01694915254
"644",3,5514.69117647059
"645",3,5810.12658227848
"646",3,5714.77311497782
"647",3,4480.51948051948
"648",3,4966.46026831785
"649",3,5965.80320896965
"650",3,5810.00707213579
"651",3,5230.76923076923
"652",3,5900
"653",3,4515.10333863275
"654",3,4571.42857142857
"655",3,5890.625
"656",4,3986.66666666667
"657",3,4982.14285714286
"658",3,5672.41379310345
"659",4,5346.59388319749
"660",4,4030.3738317757
"661",3,4647.67616191904
"662",3,4859.81308411215
"663",4,5129.65050732807
"664",3,6150.0092575449
"665",3,5940
"666",4,4838.70967741936
"667",3,4560.43956043956
"668",4,4296.57794676806
"669",4,4298.7012987013
"670",3,6000
"671",3,5084.96395468589
"672",3,4121.30637636081
"673",3,4310.81081081081
"674",4,5724.44193274936
"675",3,6050
"676",3,3784.81012658228
"677",4,4833.33333333333
"678",3,6050
"679",4,3700
"680",3,5056.60377358491
"681",3,5370.37037037037
"682",3,5851.06382978723
"683",3,5104.16666666667
"684",3,5000
"685",3,5095.54140127389
"686",3,6050.01054629825
"687",3,5975.72362278245
"688",4,3575
"689",3,5800
"690",3,4053.09734513274
"691",3,4886.79245283019
"692",3,4266.66666666667
"693",3,4887.21804511278
"694",5,3456.22119815668
"695",3,5156.03799185889
"696",3,4773.14719770068
"697",3,5000
"698",3,5083.33333333333
"699",4,3371.90307650422
"700",5,4991.37931034483
"701",3,4776.57935285054
"702",3,5132.35294117647
"703",3,4366.1312958054
"704",4,5808.29558690307
"705",4,4459.45945945946
"706",4,3500
"707",4,5660.00289309996
"708",3,4886.68555240793
"709",3,6038.13559322034
"710",3,5700
"711",4,4196.26168224299
"712",3,3558.18181818182
"713",3,5492.53731343284
"714",4,4538.46153846154
"715",4,3400
"716",3,5230.76923076923
"717",3,4785.71428571429
"718",3,4919.35483870968
"719",4,5197.91666666667
"720",3,4649.26590538336
"721",3,5580.04587155963
"722",3,4925.37313432836
"723",3,6050.0092575449
"724",3,6150
"725",4,2443.28097731239
"726",4,5654.59327217125
"727",4,5848.60515021459
"728",3,5416.66666666667
"729",3,6064.28571428571
"730",6,6137.93103448276
"731",3,4800
"732",4,5437.5
"733",4,5760.00312109863
"734",3,5915.25423728814
"735",3,6050
"736",3,4493.67088607595
"737",3,6000
"738",4,5705.55555555556
"739",3,5651.49136577708
"740",3,4268.29268292683
"741",6,4970.17892644135
"742",3,5511.00548446069
"743",4,4391.89189189189
"744",4,4705.14429109159
"745",3,5134.47432762836
"746",3,4843.75
"747",3,4391.89189189189
"748",3,5810.00893655049
"749",3,5415.49953314659
"750",4,4195.8041958042
"751",3,5560.00326637269
"752",3,5900
"753",4,4569.44444444444
"754",3,5512.82051282051
"755",3,2990
"756",3,5391.89189189189
"757",3,5882.35294117647
"758",4,5129.65050732807
"759",4,5353.53535353535
"760",3,5416.66666666667
"761",4,6000
"762",4,4602.5641025641
"763",3,5078.94736842105
"764",3,5944.5178335535
"765",4,5832.00245700246
"766",3,4982.14285714286
"767",3,4281.25
"768",4,4539.16412953224
"769",3,4391.89189189189
"770",3,5700
"771",3,4066.61898436702
"772",4,4545.45454545455
"773",3,5686.85376661743
"774",3,6250
"775",3,4776.11940298507
"776",3,6093.01724137931
"777",4,3629.03225806452
"778",4,5000
"779",3,4027.42155525239
"780",3,5072.46376811594
"781",3,4984.84848484848
"782",3,5860.00406256348
"783",3,4656.25
"784",3,3386.36363636364
"785",4,4892.1568627451
"786",3,5909.09090909091
"787",3,4843.75
"788",3,5638.29787234043
"789",3,4362.63736263736
"790",3,4656.25
"791",4,5759.99709808474
"792",5,5000
"793",3,4727.9792746114
"794",3,5800
"795",4,5119.21458625526
"796",3,3705.12820512821
"797",3,3158.53658536585
"798",3,4675.32467532467
"799",4,4864.86486486487
"800",3,4230.92670943087
"801",3,6150.00960984048
"802",3,3932.58426966292
"803",3,4397.84946236559
"804",3,4873.01587301587
"805",3,4886.79245283019
"806",3,4424.77876106195
"807",3,6057.69230769231
"808",3,5717.00883946393
"809",3,4817.98715203426
"810",4,4779.87421383648
"811",3,3693.57627118644
"812",6,4000
"813",3,5440
"814",3,5621.05263157895
"815",4,4802.25988700565
"816",3,3152.4926686217
"817",4,4919.35483870968
"818",3,4382.02247191011
"819",3,5939.99688133479
"820",3,4523.80952380952
"821",4,3150
"822",3,4723.07692307692
"823",3,5833.33333333333
"824",5,6162.79069767442
"825",4,5500
"826",3,5965.80911233307
"827",3,5094.04388714734
"828",3,5588.59111791731
"829",4,4802.25988700565
"830",3,5980.39215686274
"831",5,5555.55555555555
"832",3,5924.58636152776
"833",3,3554.50236966825
"834",3,5520.83333333333
"835",3,5900
"836",3,5104.16666666667
"837",3,5800
"838",3,4557.48309320788
"839",3,6170.21276595745
"840",4,5750
"841",3,6156.00771794422
"842",3,4472.72727272727
"843",3,6050
"844",3,5710.00352236703
"845",3,4515.70680628272
"846",3,5606.06060606061
"847",3,6100
"848",3,5671.64179104478
"849",3,5485.43689320388
"850",4,5468.75
"851",3,6000
"852",3,4074.07407407407
"853",3,4164.55696202532
"854",3,4338.23529411765
"855",3,5477.3082942097
"856",3,6100
"857",3,5198.77675840979
"858",5,5000
"859",3,6153.84615384615
"860",4,4802.25988700565
"861",3,5436.36363636364
"862",3,3680.55555555556
"863",3,6150
"864",3,5604.16666666667
"865",3,5977.27272727273
"866",3,5405.66037735849
"867",3,5078.125
"868",4,4746.83544303797
"869",4,5505.26315789474
"870",3,5072.46376811594
"871",3,5161.29032258064
"872",3,5000
"873",3,4730.35439137134
"874",3,6188.5013862542
"875",3,5964.91228070175
"876",3,5492.53731343284
"877",3,5188.67924528302
"878",3,5963.30275229358
"879",3,3329.76028064705
"880",3,5900
"881",4,5710
"882",3,6026.31578947368
"883",3,6150
"884",3,4843.75
"885",3,4783.30658105939
"886",3,4062.10762331839
"887",3,5863.74182661886
"888",3,3336.66048766576
"889",3,6150.01058201058
"890",3,5965.80540976988
"891",3,4362.63736263736
"892",4,6000
"893",3,6100
"894",3,5366.84782608696
"895",4,4716.21621621622
"896",3,4810.72555205047
"897",3,4250
"898",3,6050.0092575449
"899",4,5948.71794871795
"900",3,4076.92307692308
"901",3,4738.51030110935
"902",3,5579.5245398773
"903",3,6100
"904",4,6000
"905",3,6122.44897959184
"906",3,5965.80890107572
"907",4,5063.49206349206
"908",3,5279.41176470588
"909",3,5965.80164956749
"910",4,6024.09638554217
"911",3,4394.3661971831
"912",3,5809.99818873392
"913",4,4864.86486486487
"914",4,4177.89757412399
"915",5,3944.66403162055
"916",3,4875
"917",3,5000
"918",3,5960
"919",3,4066.66666666667
"920",4,4122.72291466922
"921",3,4633.33333333333
"922",3,5500
"923",3,5937.5
"924",3,5504
"925",3,4386.66666666667
"926",3,3804.34782608696
"927",3,3718.30985915493
"928",5,5071.42857142857
"929",4,4082.91457286432
"930",3,5327.24505327245
"931",3,4921.875
"932",3,4087.19346049046
"933",4,3680.20304568528
"934",5,5497.20254957507
"935",4,3575
"936",3,4656.25
"937",3,4320.98765432099
"938",5,2828.98919262556
"939",3,6100
"940",3,4769.23076923077
"941",4,2527.92413066386
"942",4,4589.00836320191
"943",3,6145.83333333333
"944",3,4575.53956834532
"945",3,5250
"946",3,5671.64179104478
"947",3,5602.53699788584
"948",3,5965.79110651499
"949",3,4617.85570874046
"950",3,5209.9533437014
"951",3,2894.54545454545
"952",3,5823.52941176471
"953",3,6100
"954",4,5000
"955",3,5629.03225806452
"956",3,4764.70588235294
"957",3,4680.13468013468
"958",4,5507.98820204006
"959",3,3796.875
"960",3,5600
"961",3,5000
"962",4,3807.69230769231
"963",3,3809.52380952381
"964",4,5203.125
"965",4,3620.96774193548
"966",3,4634.52566096423
"967",4,5705.55555555556
"968",3,4604.3956043956
"969",3,6068.55144272807
"970",4,5722.69914926528
"971",3,5902.19444444444
"972",3,4120.87912087912
"973",3,5104.16666666667
"974",3,5369.45812807882
"975",3,5771.70418006431
"976",3,6150
"977",3,6037.7358490566
"978",3,5900
"979",3,6050.0092575449
"980",4,3483.3204034135
"981",3,4552.23880597015
"982",4,3967.74193548387
"983",3,4220.77922077922
"984",3,4430.55555555556
"985",3,5629.60364784286
"986",4,4847.22222222222
"987",3,5058.51755526658
"988",3,5557.14285714286
"989",3,4828.125
"990",4,5237.5
"991",3,5900
"992",4,4375
"993",3,4867.92452830189
"994",3,5346.63865546218
"995",3,5965.80320896965
"996",4,4593.15782256959
"997",4,4729.72972972973
"998",4,5071.54213036566
"999",3,5215.38461538462
"1000",3,5072.46376811594
"1001",5,5149.25373134328
"1002",4,5902.20551378446
"1003",3,4764.70588235294
"1004",3,4662.9715981348
"1005",5,4318.18181818182
"1006",3,6100
"1007",3,4375
"1008",3,4802.63157894737
"1009",3,3651.68539325843
"1010",3,4458.59872611465
"1011",3,4461.53846153846
"1012",3,5452.83018867925
"1013",3,5924.59854014599
"1014",3,5965.80911233307
"1015",4,4138.46153846154
"1016",4,4266.66666666667
"1017",3,3769.23076923077
"1018",3,4359.375
"1019",3,5312.5
"1020",4,5246.69909659486
"1021",3,5415.49953314659
"1022",4,6050
"1023",3,6170.21276595745
"1024",3,5061.53846153846
"1025",3,5965.80320896965
"1026",3,4746.03174603175
"1027",3,5810.12658227848
"1028",3,5900
"1029",5,5139.70588235294
"1030",3,5079.36507936508
"1031",3,5993.99656946827
"1032",3,5351.85185185185
"1033",3,5067.79661016949
"1034",3,5500
"1035",3,5936.17021276596
"1036",3,6150.00960984048
"1037",4,4755.94493116395
"1038",3,5625
"1039",3,4921.875
"1040",3,3888.88888888889
"1041",3,5867.58691206544
"1042",3,4444.44444444444
"1043",4,4225.14619883041
"1044",3,5924.58498023715
"1045",3,4983.87096774194
"1046",3,4633.33333333333
"1047",3,5133.33333333333
"1048",3,4333.33333333333
"1049",3,6018.8679245283
"1050",3,4600
"1051",3,5940
"1052",4,5724.00244798042
"1053",3,5600
"1054",3,5076.92307692308
"1055",3,5480.24357239513
"1056",3,5659.99510044096
"1057",4,4955.50854353133
"1058",4,4919.35483870968
"1059",5,5094.5945945946
"1060",3,6150
"1061",3,4745.04249291785
"1062",3,5000
"1063",4,3571.42857142857
"1064",4,5950.09596928983
"1065",3,5489.99667663676
"1066",3,5312.5
"1067",3,6102.0022071575
"1068",3,4843.75
"1069",4,5871.91820276498
"1070",4,4788.7323943662
"1071",3,4915.25423728814
"1072",3,5537.03703703704
"1073",4,3332.40740740741
"1074",3,5982.14285714286
"1075",3,5902.20170454545
"1076",3,4245.61403508772
"1077",3,5537.03703703704
"1078",3,3944.44444444444
"1079",3,5965.80164956749
"1080",5,3615.38461538462
"1081",3,3436.97478991597
"1082",4,4268.93009605123
"1083",3,5700
"1084",4,5183.7037037037
"1085",3,4218.75
"1086",3,4982.14285714286
"1087",3,6102.5641025641
"1088",3,6100
"1089",3,6100
"1090",3,5351.33376707873
"1091",3,3555.66454144188
"1092",3,5047.61904761905
"1093",4,5192.30769230769
"1094",3,3877.55102040816
"1095",3,4557.29166666667
"1096",3,5571.42857142857
"1097",3,5851.06382978723
"1098",4,4755.81395348837
"1099",3,5673.28549974971
"1100",4,4672.13114754098
"1101",3,4472.72727272727
"1102",3,5812.5
"1103",4,4411.76470588235
"1104",3,3785.04672897196
"1105",3,4372.24669603524
"1106",3,4312.88924558587
"1107",3,6150
"1108",3,5350
"1109",4,6199.62802231866
"1110",3,6108.10810810811
"1111",3,6122.44897959184
"1112",4,4847.22222222222
"1113",3,5327.86885245902
"1114",3,6050
"1115",3,4307.69230769231
"1116",3,4776.57935285054
"1117",3,3308.82352941176
"1118",3,5391.89189189189
"1119",3,5351.33376707873
"1120",3,5612.5
"1121",4,5660.00289729103
"1122",3,4810.12658227848
"1123",4,5561.22448979592
"1124",4,3925.23364485981
"1125",3,5545.45454545455
"1126",3,5977.27272727273
"1127",4,4058.82352941176
"1128",3,5230.0157425223
"1129",3,4005.20156046814
"1130",3,4764.70588235294
"1131",3,6200
"1132",3,6050.00968429208
"1133",4,3368.54460093897
"1134",3,4235.10466988728
"1135",3,3546.51162790698
"1136",3,6150.00960984048
"1137",3,3455.69620253165
"1138",3,5076.92307692308
"1139",3,4199.06687402799
"1140",4,3973.33333333333
"1141",3,4443.47319347319
"1142",4,5369.23076923077
"1143",5,3388.88888888889
"1144",4,4976.37795275591
"1145",3,6200
"1146",4,4632.35294117647
"1147",3,4980.76923076923
"1148",3,5660.00318319274
"1149",3,4950.49504950495
"1150",4,4684.56375838926
"1151",4,4859.64627616421
"1152",4,5035.3982300885
"1153",3,5850
"1154",3,5800
"1155",4,5705.55555555556
"1156",4,3774.50980392157
"1157",3,4757.00934579439
"1158",3,5321.82103610675
"1159",4,5659.99368985644
"1160",3,3944.44444444444
"1161",3,5616.66666666667
"1162",3,4318.18181818182
"1163",3,6155.9916274202
"1164",3,5904.22222222222
"1165",3,5721.31147540984
"1166",4,4119.5652173913
"1167",5,4272.86356821589
"1168",4,5497.20121028744
"1169",3,4294.25837320574
"1170",3,4464.28571428571
"1171",3,5370.37037037037
"1172",3,6050
"1173",3,5560.00357909807
"1174",3,5571.42857142857
"1175",3,4898.14814814815
"1176",3,6050.01034126163
"1177",3,5535.71428571429
"1178",3,4000
"1179",3,4816.66666666667
"1180",4,4619.85216473073
"1181",3,3178.06041335453
"1182",4,2983.87096774194
"1183",3,6047.99270072993
"1184",3,4905.66037735849
"1185",3,4915.25423728814
"1186",3,6122.80701754386
"1187",3,4907.69230769231
"1188",5,5752.21238938053
"1189",4,3707.31707317073
"1190",4,4588.45468257233
"1191",3,5115.8940397351
"1192",3,5924.58895252171
"1193",4,3894.87870619946
"1194",3,4551.02040816327
"1195",3,4382.42280285036
"1196",5,5000
"1197",4,6050
"1198",3,4787.23404255319
"1199",3,4772.72727272727
"1200",3,5609.99498579308
"1201",3,4515.625
"1202",3,3516.52768009645
"1203",4,4590.08638420403
"1204",3,4333.33333333333
"1205",4,4790
"1206",3,5416.66666666667
"1207",3,4656.25
"1208",3,5161.29032258064
"1209",3,5067.79661016949
"1210",4,3986.66666666667
"1211",3,5417.6072234763
"1212",3,4336.95652173913
"1213",4,4202.00462606014
"1214",3,6102.00715730512
"1215",3,4596.77419354839
"1216",5,4350
"1217",3,5900
"1218",3,5657.59637188209
"1219",3,5566.8358714044
"1220",4,4716.21621621622
"1221",4,5369.23076923077
"1222",3,4500
"1223",3,6037.7358490566
"1224",3,4656.25
"1225",4,5174.16300304363
"1226",3,5783.69905956113
"1227",3,5011.23595505618
"1228",3,5660.00638365784
"1229",3,4803.92156862745
"1230",3,5334.7280334728
"1231",3,3946.66666666667
"1232",4,4294.73684210526
"1233",3,6238.53211009174
"1234",3,6100
"1235",3,5693.87755102041
"1236",3,4398.82697947214
"1237",3,4478.33065810594
"1238",3,5059.22165820643
"1239",3,5606.06060606061
"1240",3,6189.65517241379
"1241",4,4060.07751937984
"1242",4,4892.1568627451
"1243",3,6114.28571428571
"1244",3,4776.57935285054
"1245",4,4851.75202156334
"1246",3,5810.0073313783
"1247",3,4932.37867939539
"1248",3,4255.31914893617
"1249",4,5619.72899728997
"1250",3,5897.4358974359
"1251",3,6100
"1252",3,5750.40268456376
"1253",3,4433.33333333333
"1254",3,5859.99154155213
"1255",4,3500
"1256",4,6250
"1257",3,5279.41176470588
"1258",3,5893.93939393939
"1259",3,4706.89655172414
"1260",4,4253.33333333333
"1261",4,4700
"1262",3,4113.92405063291
"1263",4,4647.88732394366
"1264",3,5097.45127436282
"1265",3,3254.54545454545
"1266",3,4773.14719770068
"1267",3,4560
"1268",5,5889.64662120273
"1269",3,5844.8275862069
"1270",3,5812.5
"1271",4,5659.63280293758
"1272",3,5194.80519480519
"1273",3,5778.56197617997
"1274",5,4088.05031446541
"1275",4,5211.2676056338
"1276",3,5701.2987012987
"1277",3,5079.36507936508
"1278",3,4234.04255319149
"1279",5,4842.1052631579
"1280",3,5399.18809201624
"1281",3,6155.99937830277
"1282",4,3396.63011500401
"1283",4,5730.87797050508
"1284",4,4117.64705882353
"1285",3,5333.33333333333
"1286",3,6208.33333333333
"1287",4,4200
"1288",3,5085.10638297872
"1289",3,5443.23483670296
"1290",3,4769.47535771065
"1291",3,4730.15873015873
"1292",4,5759.99709175513
"1293",4,5081.63265306122
"1294",3,3863.04909560723
"1295",3,5987.39495798319
"1296",3,4320.75471698113
"1297",3,5066.92160611855
"1298",4,6100
"1299",3,4761.90476190476
"1300",3,3888.88888888889
"1301",3,5431.19266055046
"1302",3,5937.5
"1303",3,3612.33480176211
"1304",5,4038.46153846154
"1305",3,4487.17948717949
"1306",4,5789.62519595269
"1307",4,5403.22580645161
"1308",3,6100
"1309",3,5900
"1310",3,4855.91466327018
"1311",3,4765.10067114094
"1312",4,3387.7901977644
"1313",3,6148.93617021277
"1314",3,2262.1359223301
"1315",3,5405.40540540541
"1316",3,5238.82896764253
"1317",3,5700
"1318",3,5981.48148148148
"1319",3,4696.9696969697
"1320",3,4791.22859717633
"1321",4,3329.76731746456
"1322",3,3863.63636363636
"1323",3,3591.90556492411
"1324",4,4583.33333333333
"1325",4,5306.12244897959
"1326",3,5471.69811320755
"1327",3,5000
"1328",4,6061.25280119518
"1329",4,5237.5
"1330",4,3948.63563402889
"1331",4,6013.94018205462
"1332",3,5327.86885245902
"1333",3,5075.47169811321
"1334",3,5391.12050739958
"1335",6,4127.37799834574
"1336",3,4753.84615384615
"1337",3,4477.61194029851
"1338",3,4921.875
"1339",3,4600
"1340",3,4210.52631578947
"1341",3,2484.375
"1342",3,4731.45780051151
"1343",3,6100
"1344",4,5013.58695652174
"1345",4,4682.35294117647
"1346",3,5257.84753363229
"1347",4,4605.6338028169
"1348",4,4569.23076923077
"1349",4,4790
"1350",4,4607.08782742681
"1351",3,4347.82608695652
"1352",3,4873.41772151899
"1353",4,5962.62295081967
"1354",3,4963.6803874092
"1355",3,4403.13111545988
"1356",4,4368.75
"1357",3,5000
"1358",10,2370.37037037037
"1359",4,3825.5033557047
"1360",3,5710.00881057269
"1361",3,3164.70588235294
"1362",4,4838.27493261455
"1363",4,5840.93454952792
"1364",5,3000
"1365",3,5000
"1366",4,4052.58877744646
"1367",3,5786.51685393258
"1368",3,4769.23076923077
"1369",4,4018.61252115059
"1370",4,5858.58129016901
"1371",4,5071.42857142857
"1372",5,5036.49635036496
"1373",4,3559.32203389831
"1374",3,5000
"1375",4,3001.57977883096
"1376",4,5650
"1377",3,5515.84625758597
"1378",4,5610
"1379",3,3594.93670886076
"1380",4,5896.2962962963
"1381",3,4706.89655172414
"1382",4,5250
"1383",3,5186.66666666667
"1384",4,3875
"1385",3,3580.56265984655
"1386",3,5606.06060606061
"1387",3,5902.19858156028
"1388",3,6013.69863013699
"1389",3,4284.28571428571
"1390",4,6050
"1391",3,6147.96804445988
"1392",4,6206.80769230769
"1393",3,6064.3427741467
"1394",4,5056.30630630631
"1395",4,5940
"1396",3,6250
"1397",3,5075.47169811321
"1398",3,5340.20618556701
"1399",3,5188.67924528302
"1400",3,5686.85376661743
"1401",3,4000
"1402",4,2997.69408147579
"1403",4,3761.46788990826
"1404",4,5931.06031254036
"1405",3,5686.85376661743
"1406",3,4121.30637636081
"1407",3,6020.83333333333
"1408",3,5958.90410958904
"1409",3,6209.99534378395
"1410",3,5371.79487179487
"1411",4,4642.85714285714
"1412",3,5471.69811320755
"1413",3,4168.22878228782
"1414",4,5660.0063481987
"1415",3,5850
"1416",3,4053.09734513274
"1417",4,5106.68563300142
"1418",3,5965.80164956749
"1419",4,4969.23076923077
"1420",4,6200
"1421",3,5809.99291282778
"1422",3,4113.92405063291
"1423",3,5371.79487179487
"1424",4,4605.26315789474
"1425",3,5629.03225806452
"1426",4,6027.15742057847
"1427",3,5104.16666666667
"1428",3,4446.15384615385
"1429",3,4487.17948717949
"1430",3,5504
"1431",3,5312.5
"1432",7,4333.33333333333
"1433",4,5634.9593495935
"1434",5,4539.16412953224
"1435",3,4508.19672131148
"1436",3,5140.18691588785
"1437",4,5108.02919708029
"1438",4,4950
"1439",4,3925.23364485981
"1440",4,5761.53846153846
"1441",3,4656.25
"1442",3,5365.85365853659
"1443",4,4385.58775475105
"1444",3,4621.21212121212
"1445",3,5350
"1446",3,6050
"1447",3,5245.61403508772
"1448",3,3984.375
"1449",3,3025.51640340219
"1450",3,5913.81872213967
"1451",3,6000
"1452",3,4905.66037735849
"1453",3,3695.65217391304
"1454",4,4714.67391304348
"1455",3,4591.19496855346
"1456",3,6216.66666666667
"1457",3,4383.56164383562
"1458",5,4294.78850873394
"1459",3,4925.92592592593
"1460",3,6084.74576271186
"1461",3,4745.04249291785
"1462",3,6150.0092575449
"1463",5,4901.74672489083
"1464",3,4746.03174603175
"1465",3,6050.01054629825
"1466",3,5673.07692307692
"1467",3,4656.25
"1468",4,5760
"1469",3,5294.11764705882
"1470",3,6150
"1471",3,4841.26984126984
"1472",4,3108.10810810811
"1473",3,5578.46153846154
"1474",4,4193.27731092437
"1475",4,5582.47903075489
"1476",3,5937.5
"1477",4,3229.72972972973
"1478",3,5700
"1479",5,5698.9247311828
"1480",3,5507.64951321279
"1481",3,6052.63157894737
"1482",3,4609.375
"1483",3,3990.90909090909
"1484",3,5059.22165820643
"1485",4,4612.5
"1486",3,4799.66611018364
"1487",3,5008.34724540902
"1488",4,4967.99592160417
"1489",3,4955.68888888889
"1490",5,4407.40740740741
"1491",3,5078.125
"1492",4,5214.00778210117
"1493",3,5076.92307692308
"1494",3,4921.875
"1495",3,3618.18181818182
"1496",4,3910.89108910891
"1497",3,6250.01110864252
"1498",3,4806.45161290323
"1499",3,6150
"1500",3,4984.61538461538
"1501",3,4138.46153846154
"1502",3,6050
"1503",3,4148.93617021277
"1504",3,5000
"1505",3,5800
"1506",3,5959.99133073255
"1507",3,4149.25373134328
"1508",3,5104.81677068331
"1509",3,5753.61481481481
"1510",3,4140.625
"1511",3,5659.20103092784
"1512",4,5000
"1513",3,5582.96546351597
"1514",3,4021.73913043478
"1515",4,5625
"1516",3,6100
"1517",4,5844.30705190989
"1518",3,5444.44444444444
"1519",3,4609.375
"1520",3,6050
"1521",3,5965.79053780833
"1522",5,3615.38461538462
"1523",4,5129.65050732807
"1524",3,5900.81944444444
"1525",4,5084.74576271186
"1526",3,5711.86440677966
"1527",3,3737.5
"1528",3,6101.99964918435
"1529",3,5780.34682080925
"1530",4,2963.11419627059
"1531",5,5594.40559440559
"1532",4,3467.39130434783
"1533",3,5338.41754051478
"1534",3,5833.33333333333
"1535",4,3570.757376433
"1536",3,5924.59264236519
"1537",3,4469.82055464927
"1538",3,5264.15094339623
"1539",3,5000
"1540",3,5750
"1541",3,5131.57894736842
"1542",4,3500
"1543",4,4583.33333333333
"1544",3,5384.61538461538
"1545",3,4310.81081081081
"1546",4,4892.30769230769
"1547",3,4487.17948717949
"1548",3,5590.57730590577
"1549",3,5184.80492813142
"1550",4,4122.80701754386
"1551",4,5294.11764705882
"1552",4,3854.16666666667
"1553",5,4539.16412953224
"1554",3,5327.86885245902
"1555",3,5241.93548387097
"1556",3,5348.04753820034
"1557",3,5710
"1558",3,3318.18181818182
"1559",3,5710
"1560",4,4894.81065918654
"1561",4,4485.71428571429
"1562",3,5082.82708549415
"1563",3,5000
"1564",3,4188.40579710145
"1565",3,5504
"1566",4,4757.08502024292
"1567",3,4633.33333333333
"1568",3,5377.35849056604
"1569",3,5065.78947368421
"1570",3,5208.33333333333
"1571",3,5950.4132231405
"1572",3,4521.96382428941
"1573",3,4632.15258855586
"1574",3,5714.77311497782
"1575",3,5936.17021276596
"1576",4,5421.68674698795
"1577",3,4483.14606741573
"1578",4,2861.53846153846
"1579",3,4327.78489116517
"1580",3,4819.07620476905
"1581",3,5007.70416024653
"1582",3,4746.03174603175
"1583",3,4846.15384615385
"1584",3,3867.34693877551
"1585",3,3500
"1586",3,5461.7676266137
"1587",4,5000
"1588",3,4424.77876106195
"1589",3,3982.30088495575
"1590",3,6000
"1591",3,5859.99170812604
"1592",3,5965.80320896965
"1593",5,5043.85964912281
"1594",3,4008.81057268722
"1595",5,5594.40559440559
